-- phpMyAdmin SQL Dump
-- version 5.0.1
-- https://www.phpmyadmin.net/
--
-- Host: 127.0.0.1
-- Generation Time: Feb 01, 2020 at 02:35 PM
-- Server version: 10.4.11-MariaDB
-- PHP Version: 7.4.1

SET SQL_MODE = "NO_AUTO_VALUE_ON_ZERO";
SET AUTOCOMMIT = 0;
START TRANSACTION;
SET time_zone = "+00:00";


/*!40101 SET @OLD_CHARACTER_SET_CLIENT=@@CHARACTER_SET_CLIENT */;
/*!40101 SET @OLD_CHARACTER_SET_RESULTS=@@CHARACTER_SET_RESULTS */;
/*!40101 SET @OLD_COLLATION_CONNECTION=@@COLLATION_CONNECTION */;
/*!40101 SET NAMES utf8mb4 */;

--
-- Database: `library`
--
CREATE DATABASE IF NOT EXISTS `library` DEFAULT CHARACTER SET utf8 COLLATE utf8_unicode_ci;
USE `library`;

-- --------------------------------------------------------

--
-- Table structure for table `authors`
--

CREATE TABLE `authors` (
  `authorId` int(11) NOT NULL,
  `name` varchar(50) COLLATE utf8_unicode_ci DEFAULT NULL,
  `surname` varchar(70) COLLATE utf8_unicode_ci DEFAULT NULL
) ENGINE=InnoDB DEFAULT CHARSET=utf8 COLLATE=utf8_unicode_ci;

--
-- Dumping data for table `authors`
--

INSERT INTO `authors` (`authorId`, `name`, `surname`) VALUES
(1, 'William Dea', 'Howells'),
(2, 'Frederic', 'Brow'),
(3, 'Jack', 'Londo'),
(4, 'Albert', 'Blaisdell'),
(5, 'Ellis', 'Butler'),
(6, 'Arthur', 'Mache'),
(7, 'Titus', 'Lucretius'),
(8, 'Rabindranath', 'Tagore'),
(9, 'Isaac', 'Asimov'),
(10, 'Charles', 'Dickens'),
(11, 'Ralph Waldo', 'Emerso'),
(12, 'Dorothy', 'Canfield'),
(13, 'Givoanni', 'Boccaccio'),
(14, 'George', 'Orwell'),
(15, 'Publius', 'Ovid'),
(16, 'Robert Louis', 'Stevenso'),
(17, 'Virginia', 'Woolf'),
(18, 'George', 'Eliot'),
(19, 'Amelia B.', 'Edwards'),
(20, 'Fyodor', 'Dostoevsky'),
(21, 'Emily', 'Dickinso'),
(22, 'Edna', 'Ferber'),
(23, 'Joseph Sherida', 'LeFanu'),
(24, 'Joh', 'DosPassos'),
(25, 'Ruth', 'Stuart'),
(26, 'Vladimir', 'Nabokov'),
(27, 'Johanna', 'Spyri'),
(28, 'Ernest', 'Dowso'),
(29, 'Mary Hallock', 'Foote'),
(30, 'Zane', 'Grey'),
(31, 'H. P.', 'Lovecraft'),
(32, 'Samuel', 'Pepys'),
(33, 'Kate Dickinso', 'Sweetser'),
(34, 'William', 'Lampto'),
(35, 'Mother', 'Goose'),
(36, 'Eleanor Hallowell', 'Abbott');

-- --------------------------------------------------------

--
-- Table structure for table `books`
--

CREATE TABLE `books` (
  `bookId` int(11) NOT NULL,
  `name` varchar(90) COLLATE utf8_unicode_ci DEFAULT NULL,
  `pagecount` int(11) DEFAULT NULL,
  `point` int(11) DEFAULT NULL,
  `authorId` int(11) DEFAULT NULL,
  `typeId` int(11) DEFAULT NULL
) ENGINE=InnoDB DEFAULT CHARSET=utf8 COLLATE=utf8_unicode_ci;

--
-- Dumping data for table `books`
--

INSERT INTO `books` (`bookId`, `name`, `pagecount`, `point`, `authorId`, `typeId`) VALUES
(1, 'A Daughter of the Snows', 199, 84, 3, 9),
(2, 'The Near East: 10,000 Years of History', 298, 52, 9, 13),
(3, 'The Cocoon: A Rest-Cure Comedy', 90, 26, 25, 12),
(4, 'The Freakshow Murders', 321, 41, 2, 3),
(5, 'Pharaohs, Fellahs and Explorers', 367, 56, 19, 9),
(6, 'Hard Times', 293, 25, 10, 1),
(7, 'A Modern Instance', 222, 73, 1, 12),
(8, 'The Real Mother Goose', 88, 99, 35, 1),
(9, 'A Thousand Miles Up the Nile', 110, 90, 19, 18),
(10, 'Children of Blood and Bone', 137, 83, 7, 13),
(11, 'A pushcart at the curb', 95, 55, 24, 1),
(12, 'The Desert and the Sow', 126, 35, 29, 10),
(13, 'Three Soldiers', 223, 92, 24, 16),
(14, 'The End of Eternity', 168, 42, 9, 1),
(15, 'Annie Kilbur', 291, 51, 1, 12),
(16, 'A Touch of Sun and Other Stories', 141, 69, 29, 9),
(17, 'Show Boat', 151, 26, 22, 18),
(18, 'The Call of the Wild', 362, 49, 3, 18),
(19, 'My Mark Twai', 339, 64, 1, 9),
(20, 'Broken Ties', 134, 56, 8, 5),
(21, 'Short Stories From American History', 305, 89, 4, 8),
(22, 'Mrs Rosie and the Priest', 104, 30, 13, 14),
(23, 'So Big', 209, 57, 22, 3),
(24, 'Monsieur Maurice ', 92, 61, 19, 8),
(25, 'The Master of Ballantrae', 236, 66, 16, 13),
(26, 'The Unlived Life of Little Mary Elle', 99, 45, 25, 6),
(27, 'Mouse - The Last Trai', 184, 43, 2, 14),
(28, 'Edith Bonham', 122, 74, 29, 7),
(29, 'Maybe Mother Goose', 161, 98, 35, 14),
(30, 'The Noble Gases', 321, 33, 9, 5),
(31, 'Rainy Week', 98, 32, 36, 7),
(32, 'A Hazard of New Fortunes', 144, 92, 1, 4),
(33, 'A Plot for Murder', 108, 45, 2, 13),
(34, 'Nature', 357, 59, 11, 8),
(35, 'Hickory Dickory Dock', 326, 91, 35, 6),
(36, 'Big Fat He', 232, 28, 35, 12),
(37, 'The Lone Star Ranger', 328, 77, 30, 9),
(38, 'The Great Fire of Londo', 252, 69, 32, 9),
(39, 'White Nights', 265, 77, 20, 14),
(40, 'In a Glass Darkly', 173, 62, 23, 9),
(41, 'Fanny herself', 248, 81, 22, 10),
(42, 'Loaded', 273, 29, 2, 4),
(43, 'A Foregone Conclusio', 121, 35, 1, 15),
(44, 'The Hill of Dreams', 175, 82, 6, 6),
(45, 'Adventure', 217, 60, 3, 8),
(46, 'A Tagore Reader', 285, 40, 8, 4),
(47, 'A Tale of Two Cities', 331, 44, 10, 13),
(48, 'Dombey and So', 344, 87, 10, 14),
(49, 'Famous Wome', 273, 32, 13, 1),
(50, 'Rejection, The Ruling Spirit', 358, 86, 5, 2),
(51, 'Little Dorrit', 314, 43, 10, 13),
(52, 'The Four-Fifteen Express', 201, 85, 19, 2),
(53, 'Fairy Prince and Other Stories', 306, 90, 36, 15),
(54, 'Ten Tales from the Decamero', 183, 92, 13, 5),
(55, 'The Double', 372, 86, 20, 17),
(56, 'A Flight Of Swans', 115, 64, 8, 8),
(57, 'The Phantom Coach', 243, 28, 19, 17),
(58, 'The Game', 209, 52, 3, 10),
(59, 'Rico and Wiseli', 309, 53, 27, 8),
(60, 'The Shorter Pepys', 276, 64, 32, 5),
(61, 'My Life Had Stood a Loaded Gun ', 278, 82, 21, 12),
(62, 'A Tagore Testament', 268, 56, 8, 15),
(63, 'The Cruise of the Dazzler', 140, 25, 3, 10),
(64, 'To the Lighthouse', 90, 87, 17, 2),
(65, 'The Terror', 293, 101, 6, 18),
(66, 'The Sick-a-Bed Lady', 369, 79, 36, 9),
(67, 'Christmas Every Day', 98, 59, 1, 13),
(68, 'The home-maker', 316, 25, 12, 14),
(69, 'The Ground-Swell', 193, 55, 29, 10),
(70, 'A Sleep and a Forgetting', 360, 44, 1, 2),
(71, 'Nicholas Nickleby', 219, 97, 10, 1),
(72, 'The Whole Family: A Novel by Twelve Authors', 149, 65, 1, 6),
(73, 'Middlemarch', 288, 69, 18, 11),
(74, 'Life of Dante', 156, 44, 13, 14),
(75, 'Short Stories From English History', 189, 69, 4, 2),
(76, 'Little Eve Edgarto', 306, 41, 36, 5),
(77, 'The Kingdom of the Su', 189, 68, 9, 9),
(78, 'Indian Summer', 107, 21, 1, 14),
(79, 'Mrs Dalloway', 321, 68, 17, 5),
(80, 'Demons', 232, 88, 20, 15),
(81, 'The Last Trail', 116, 64, 30, 14),
(82, 'The Fredric Brown Megapack', 324, 89, 2, 16),
(83, 'The Decameron: Selected Tales', 337, 34, 13, 17),
(84, 'Th bent twig', 367, 26, 12, 3),
(85, 'Things near and far', 199, 67, 6, 6),
(86, 'The Story of Salome', 316, 44, 19, 11),
(87, 'The Destruction of Our Childre', 104, 73, 5, 9),
(88, 'Collected Stories', 295, 100, 8, 4),
(89, 'The House of the Dead', 209, 53, 20, 2),
(90, 'Sonny: A Christmas Guest', 186, 30, 25, 6),
(91, 'Amores', 297, 93, 15, 10),
(92, 'Chaturanga', 218, 34, 8, 10),
(93, 'Little Eve Edgarto', 247, 32, 36, 14),
(94, 'Chitra', 122, 52, 8, 9),
(95, 'The Iron Heel', 81, 29, 3, 15),
(96, 'Self Reliance', 137, 64, 11, 18),
(97, 'The Great God Pan And The Hill Of Dreams', 158, 87, 6, 5),
(98, 'The White People and Other Weird Stories', 100, 93, 6, 15),
(99, 'The Diary of Samuel Pepys: A Selectio', 271, 55, 32, 3),
(100, 'The Rise of Silas Lapham', 314, 36, 1, 2),
(101, 'The Mystery of Edwin Drood', 340, 59, 10, 12),
(102, 'In Exile and Other Stories', 140, 97, 29, 11),
(103, 'Bleak House', 130, 84, 10, 18),
(104, 'U.S.A Trilogy', 118, 57, 24, 1),
(105, 'A Comedy of Masks', 237, 87, 28, 13),
(106, 'Barnaby Rudge', 380, 31, 10, 12),
(107, 'Heroic Deeds of American Sailors', 243, 21, 4, 1),
(108, 'A Bouquet', 309, 89, 28, 18),
(109, 'Editha', 155, 80, 1, 18),
(110, 'Manhattan Transfer', 124, 21, 24, 3),
(111, 'Fasti', 325, 68, 15, 7),
(112, 'Hearts of Three', 272, 28, 3, 2),
(113, 'Speak, Memory', 154, 69, 26, 15),
(114, 'Kidnapped', 334, 60, 16, 3),
(115, 'The Brothers Karamazov', 161, 74, 20, 6),
(116, 'Envelope Poems', 342, 75, 21, 15),
(117, 'Selected Poems', 203, 72, 21, 9),
(118, 'Gobolinks or Shadow Pictures for Young and Old', 332, 61, 25, 5),
(119, 'The Decamero', 318, 94, 13, 12),
(120, 'The Cock and Anchor', 133, 61, 23, 1),
(121, 'Adrian Rome', 259, 89, 28, 13),
(122, 'Words in Genesis', 217, 101, 9, 17),
(123, 'Stories of Ohio', 191, 78, 1, 5),
(124, 'Treasure Island', 308, 75, 16, 4),
(125, 'Uncle Silas', 118, 57, 23, 1),
(126, 'The Idiot', 248, 97, 20, 7),
(127, 'Inside The Atom', 176, 52, 9, 4),
(128, 'The Story of Babette: A Little Creole Girl', 313, 76, 25, 5),
(129, 'The Eternal Husband', 225, 79, 20, 15),
(130, 'Heidi', 146, 67, 27, 17),
(131, 'The Concise Pepys', 303, 88, 32, 13),
(132, 'Tales From Shakespeare', 121, 62, 4, 12),
(133, 'Molly Make-Believe', 286, 53, 36, 10),
(134, 'Peace on Earth, Good Will to Dogs', 321, 84, 36, 9),
(135, 'Miss Darkness', 360, 63, 2, 8),
(136, 'Poor Folk', 202, 101, 20, 7),
(137, 'Their Wedding Journey', 132, 78, 1, 18),
(138, 'The Elegy of Lady Fiammetta', 157, 79, 13, 4),
(139, 'Art Of Tagore', 119, 72, 8, 16),
(140, 'Chemistry and Human Health', 244, 55, 9, 13),
(141, 'Realm of Numbers', 279, 57, 9, 11),
(142, 'The Kempton-Wace Letters', 240, 60, 3, 3),
(143, 'Crime and Punishment', 144, 30, 20, 17),
(144, 'Fairy Prince and Other Wonderful Stories', 219, 26, 36, 1),
(145, 'Adam Bede', 303, 63, 18, 4),
(146, 'Madam Crowl\'s ghost', 344, 34, 23, 13),
(147, 'Is Anyone There?', 178, 42, 9, 14),
(148, 'An Imperative Duty', 100, 41, 1, 6),
(149, 'Adding a Dimensio', 334, 37, 9, 11),
(150, 'The Caves of Steel', 98, 21, 9, 18),
(151, 'Carmilla', 91, 23, 23, 18),
(152, '1919', 105, 60, 24, 17),
(153, 'Pale Fire', 250, 80, 26, 13),
(154, 'Martin Chuzzlewit', 315, 52, 10, 3),
(155, 'Understood Betsy', 130, 86, 12, 7),
(156, 'The White Linen Nurse', 369, 35, 36, 13),
(157, 'A Writer\'s Diary', 164, 87, 20, 1),
(158, 'Pni', 233, 68, 26, 14),
(159, 'Honeymoon in Hell', 202, 69, 2, 16),
(160, 'The Black Arrow', 366, 87, 16, 12),
(161, 'David Copperfield', 240, 29, 10, 16),
(162, 'Famous Ghost Stories', 152, 69, 19, 3),
(163, 'Book Of Indian Braves', 117, 53, 33, 8),
(164, 'Binodini', 306, 89, 8, 8),
(165, 'Holly And Pizen, And Other Stories', 220, 77, 25, 17),
(166, 'Lolita', 153, 89, 26, 2),
(167, 'The Best Short Stories', 115, 27, 20, 2),
(168, 'Cimarro', 101, 33, 22, 17);

-- --------------------------------------------------------

--
-- Table structure for table `borrows`
--

CREATE TABLE `borrows` (
  `borrowId` int(11) NOT NULL,
  `studentId` int(11) DEFAULT NULL,
  `bookId` int(11) DEFAULT NULL,
  `takenDate` datetime(3) DEFAULT NULL,
  `broughtDate` datetime(3) DEFAULT NULL
) ENGINE=InnoDB DEFAULT CHARSET=utf8 COLLATE=utf8_unicode_ci;

--
-- Dumping data for table `borrows`
--

INSERT INTO `borrows` (`borrowId`, `studentId`, `bookId`, `takenDate`, `broughtDate`) VALUES
(1, 360, 142, '2015-08-09 13:26:00.000', '2015-08-20 06:59:00.000'),
(2, 308, 131, '2015-08-10 19:44:00.000', '2015-08-15 10:46:00.000'),
(3, 288, 160, '2015-08-10 22:05:00.000', '2015-08-19 17:28:00.000'),
(4, 57, 24, '2015-08-11 02:32:00.000', '2015-08-17 15:12:00.000'),
(5, 504, 110, '2015-08-12 12:05:00.000', '2015-08-21 07:16:00.000'),
(6, 38, 101, '2015-08-12 12:25:00.000', '2015-08-18 04:33:00.000'),
(7, 425, 122, '2015-08-13 13:51:00.000', '2015-08-20 09:27:00.000'),
(8, 363, 64, '2015-08-13 15:58:00.000', '2015-08-19 23:10:00.000'),
(9, 348, 24, '2015-08-18 09:27:00.000', '2015-08-28 12:48:00.000'),
(10, 88, 36, '2015-08-19 22:11:00.000', '2015-09-08 06:28:00.000'),
(11, 19, 111, '2015-08-21 16:39:00.000', '2015-08-29 00:28:00.000'),
(12, 200, 152, '2015-08-21 22:13:00.000', '2015-09-02 00:17:00.000'),
(13, 421, 100, '2015-08-23 16:58:00.000', '2015-08-28 11:27:00.000'),
(14, 216, 26, '2015-08-24 20:06:00.000', '2015-09-02 21:56:00.000'),
(15, 298, 53, '2015-08-24 21:59:00.000', '2015-09-05 16:29:00.000'),
(16, 264, 109, '2015-08-25 00:22:00.000', '2015-08-28 19:06:00.000'),
(17, 499, 62, '2015-08-25 12:12:00.000', '2015-09-05 10:26:00.000'),
(18, 211, 120, '2015-08-28 19:57:00.000', '2015-09-05 10:39:00.000'),
(19, 332, 91, '2015-08-30 00:37:00.000', '2015-09-18 08:46:00.000'),
(20, 66, 150, '2015-08-30 18:51:00.000', '2015-09-04 03:32:00.000'),
(21, 37, 24, '2015-08-31 04:30:00.000', '2015-09-17 00:15:00.000'),
(22, 210, 53, '2015-08-31 14:11:00.000', '2015-09-17 23:38:00.000'),
(23, 253, 139, '2015-09-01 16:59:00.000', '2015-09-12 06:07:00.000'),
(24, 303, 6, '2015-09-01 19:43:00.000', '2015-09-04 01:57:00.000'),
(25, 465, 16, '2015-09-01 23:23:00.000', '2015-09-19 19:52:00.000'),
(26, 349, 75, '2015-09-03 13:37:00.000', '2015-09-20 07:56:00.000'),
(27, 39, 106, '2015-09-05 07:19:00.000', '2015-09-20 03:55:00.000'),
(28, 482, 122, '2015-09-05 14:32:00.000', '2015-09-16 04:40:00.000'),
(29, 143, 20, '2015-09-05 19:41:00.000', '2015-09-10 17:03:00.000'),
(30, 88, 148, '2015-09-05 21:37:00.000', '2015-09-22 16:38:00.000'),
(31, 173, 3, '2015-09-06 05:03:00.000', '2015-09-18 11:32:00.000'),
(32, 190, 141, '2015-09-06 16:51:00.000', '2015-09-17 22:16:00.000'),
(33, 368, 93, '2015-09-07 16:16:00.000', '2015-09-17 14:53:00.000'),
(34, 416, 97, '2015-09-08 02:42:00.000', '2015-09-24 19:18:00.000'),
(35, 374, 90, '2015-09-08 23:12:00.000', '2015-09-25 17:52:00.000'),
(36, 389, 146, '2015-09-10 11:58:00.000', '2015-09-27 21:18:00.000'),
(37, 118, 60, '2015-09-10 23:10:00.000', '2015-09-30 10:28:00.000'),
(38, 367, 26, '2015-09-12 05:02:00.000', '2015-09-17 04:43:00.000'),
(39, 347, 149, '2015-09-12 10:53:00.000', '2015-09-13 05:45:00.000'),
(40, 271, 16, '2015-09-14 03:20:00.000', '2015-09-24 04:43:00.000'),
(41, 126, 99, '2015-09-14 09:25:00.000', '2015-09-17 09:36:00.000'),
(42, 33, 167, '2015-09-14 18:45:00.000', '2015-09-22 01:27:00.000'),
(43, 432, 87, '2015-09-16 00:58:00.000', '2015-09-23 21:12:00.000'),
(44, 206, 16, '2015-09-16 02:28:00.000', '2015-10-04 02:48:00.000'),
(45, 7, 108, '2015-09-18 22:48:00.000', '2015-10-08 22:32:00.000'),
(46, 436, 132, '2015-09-21 11:30:00.000', '2015-10-10 11:51:00.000'),
(47, 500, 34, '2015-09-23 13:46:00.000', '2015-09-28 12:01:00.000'),
(48, 72, 39, '2015-09-25 11:34:00.000', '2015-10-04 02:21:00.000'),
(49, 378, 140, '2015-09-25 16:17:00.000', '2015-09-27 03:26:00.000'),
(50, 495, 111, '2015-09-27 00:47:00.000', '2015-09-27 09:37:00.000'),
(51, 104, 124, '2015-09-28 03:49:00.000', '2015-10-12 06:25:00.000'),
(52, 164, 158, '2015-09-28 07:03:00.000', '2015-10-12 12:45:00.000'),
(53, 429, 53, '2015-09-29 04:43:00.000', '2015-09-29 10:18:00.000'),
(54, 353, 114, '2015-09-29 21:35:00.000', '2015-10-08 14:24:00.000'),
(55, 350, 78, '2015-10-01 05:48:00.000', '2015-10-17 11:44:00.000'),
(56, 304, 137, '2015-10-01 09:41:00.000', '2015-10-01 14:29:00.000'),
(57, 468, 148, '2015-10-01 11:42:00.000', '2015-10-08 08:30:00.000'),
(58, 268, 151, '2015-10-01 11:43:00.000', '2015-10-10 17:59:00.000'),
(59, 121, 82, '2015-10-01 11:50:00.000', '2015-10-16 19:08:00.000'),
(60, 442, 91, '2015-10-01 12:07:00.000', '2015-10-16 09:38:00.000'),
(61, 372, 121, '2015-10-01 12:54:00.000', '2015-10-02 08:01:00.000'),
(62, 35, 93, '2015-10-01 13:52:00.000', '2015-10-03 15:32:00.000'),
(63, 26, 84, '2015-10-01 14:04:00.000', '2015-10-05 16:35:00.000'),
(64, 172, 61, '2015-10-01 14:13:00.000', '2015-10-08 12:36:00.000'),
(65, 32, 17, '2015-10-01 14:28:00.000', '2015-10-07 11:22:00.000'),
(66, 270, 96, '2015-10-01 15:44:00.000', '2015-10-17 10:24:00.000'),
(67, 291, 26, '2015-10-01 15:56:00.000', '2015-10-20 16:24:00.000'),
(68, 216, 122, '2015-10-01 16:33:00.000', '2015-10-09 12:31:00.000'),
(69, 178, 30, '2015-10-01 16:53:00.000', '2015-10-08 18:30:00.000'),
(70, 32, 156, '2015-10-01 17:08:00.000', '2015-10-10 18:36:00.000'),
(71, 63, 147, '2015-10-01 18:34:00.000', '2015-10-21 11:39:00.000'),
(72, 145, 166, '2015-10-01 18:38:00.000', '2015-10-06 19:17:00.000'),
(73, 20, 76, '2015-10-01 18:42:00.000', '2015-10-06 11:42:00.000'),
(74, 262, 101, '2015-10-01 19:07:00.000', '2015-10-08 15:00:00.000'),
(75, 126, 70, '2015-10-01 19:22:00.000', '2015-10-19 18:23:00.000'),
(76, 429, 129, '2015-10-02 08:08:00.000', '2015-10-09 19:54:00.000'),
(77, 348, 90, '2015-10-02 10:01:00.000', '2015-10-14 18:11:00.000'),
(78, 145, 9, '2015-10-02 10:17:00.000', '2015-10-22 09:41:00.000'),
(79, 40, 29, '2015-10-02 10:45:00.000', '2015-10-10 17:16:00.000'),
(80, 481, 144, '2015-10-02 12:23:00.000', '2015-10-16 17:33:00.000'),
(81, 75, 111, '2015-10-02 13:22:00.000', '2015-10-07 19:01:00.000'),
(82, 324, 33, '2015-10-02 15:32:00.000', '2015-10-19 09:02:00.000'),
(83, 15, 97, '2015-10-02 16:29:00.000', '2015-10-09 11:27:00.000'),
(84, 107, 4, '2015-10-02 16:52:00.000', '2015-10-09 18:22:00.000'),
(85, 97, 101, '2015-10-02 17:48:00.000', '2015-10-09 14:25:00.000'),
(86, 411, 113, '2015-10-02 18:56:00.000', '2015-10-07 17:17:00.000'),
(87, 11, 61, '2015-10-02 19:18:00.000', '2015-10-02 19:59:00.000'),
(88, 146, 79, '2015-10-02 19:46:00.000', '2015-10-07 16:52:00.000'),
(89, 263, 93, '2015-10-02 19:54:00.000', '2015-10-19 18:12:00.000'),
(90, 97, 19, '2015-10-03 08:51:00.000', '2015-10-14 16:32:00.000'),
(91, 323, 88, '2015-10-03 09:00:00.000', '2015-10-05 16:57:00.000'),
(92, 176, 28, '2015-10-03 09:07:00.000', '2015-10-19 13:18:00.000'),
(93, 444, 17, '2015-10-03 09:09:00.000', '2015-10-03 14:14:00.000'),
(94, 50, 119, '2015-10-03 10:24:00.000', '2015-10-13 17:34:00.000'),
(95, 204, 1, '2015-10-03 12:00:00.000', '2015-10-20 14:04:00.000'),
(96, 323, 150, '2015-10-03 12:10:00.000', '2015-10-09 18:16:00.000'),
(97, 364, 4, '2015-10-03 12:24:00.000', '2015-10-15 09:54:00.000'),
(98, 252, 122, '2015-10-03 13:11:00.000', '2015-10-10 08:36:00.000'),
(99, 281, 77, '2015-10-03 13:46:00.000', '2015-10-10 13:42:00.000'),
(101, 401, 91, '2015-10-03 14:04:00.000', '2015-10-23 10:48:00.000');

-- --------------------------------------------------------

--
-- Table structure for table `students`
--

CREATE TABLE `students` (
  `studentId` int(11) NOT NULL,
  `name` varchar(20) COLLATE utf8_unicode_ci DEFAULT NULL,
  `surname` varchar(20) COLLATE utf8_unicode_ci DEFAULT NULL,
  `birthdate` date DEFAULT NULL,
  `gender` varchar(10) COLLATE utf8_unicode_ci DEFAULT NULL,
  `class` varchar(7) COLLATE utf8_unicode_ci DEFAULT NULL,
  `point` int(11) DEFAULT NULL
) ENGINE=InnoDB DEFAULT CHARSET=utf8 COLLATE=utf8_unicode_ci;

--
-- Dumping data for table `students`
--

INSERT INTO `students` (`studentId`, `name`, `surname`, `birthdate`, `gender`, `class`, `point`) VALUES
(1, 'Hazel', 'Gree', '1999-05-15', 'F', '9B', 916),
(2, 'Ashley', 'Marshall', '1999-10-28', 'F', '12D', 215),
(3, 'Ansley', 'Gree', '2000-07-12', 'F', '12B', 772),
(4, 'Alcock', 'Chapma', '1999-01-25', 'F', '10C', 180),
(5, 'Meadow', 'Taylor', '1999-12-30', 'F', '11B', 215),
(6, 'Gree', 'Wright', '1999-03-09', 'M', '10A', 552),
(7, 'Paxto', 'Foster', '1999-03-03', 'M', '12B', 775),
(8, 'Gray', 'King', '1999-06-26', 'M', '12D', 422),
(9, 'Jones', 'Collins', '1999-01-26', 'M', '11A', 816),
(10, 'Leslie', 'Young', '1999-02-10', 'F', '11C', 835),
(11, 'Hailey', 'Hill', '2001-01-16', 'F', '10C', 342),
(12, 'Washingto', 'Marti', '2001-05-23', 'M', '9C', 187),
(13, 'Ramirez', 'Gree', '1999-08-28', 'M', '11A', 564),
(14, 'Morga', 'Smith', '2001-05-15', 'M', '10C', 666),
(15, 'Perez', 'Baker', '1999-10-27', 'M', '9C', 936),
(16, 'Alfie', 'Watso', '2001-04-05', 'M', '10C', 552),
(17, 'Madiso', 'Jackso', '2001-02-15', 'F', '9E', 125),
(18, 'Beverly', 'Moore', '1999-11-19', 'F', '9E', 269),
(19, 'Kade', 'Anderso', '2000-11-11', 'M', '9D', 976),
(20, 'Carter', 'Adams', '2000-07-08', 'M', '11C', 658),
(21, 'Ackland', 'Adams', '2000-05-19', 'F', '11C', 889),
(22, 'Hadley', 'Parker', '1999-11-21', 'F', '11C', 104),
(23, 'Henderso', 'Cook', '2001-08-06', 'M', '9C', 798),
(24, 'Wright', 'Young', '2000-05-14', 'M', '12E', 209),
(25, 'Lindsey', 'Wilkinso', '2000-10-08', 'F', '10E', 225),
(26, 'Wre', 'Chapma', '2000-11-06', 'F', '12A', 58),
(27, 'Love', 'Chapma', '2000-10-15', 'F', '12B', 637),
(28, 'Wes', 'Bell', '2001-01-25', 'M', '9A', 713),
(29, 'Tyler', 'Carter', '2001-08-24', 'M', '11C', 709),
(30, 'Edwi', 'Cook', '2000-08-17', 'M', '10C', 882),
(31, 'Sally', 'Wood', '1999-06-07', 'F', '12D', 59),
(32, 'Nelso', 'Smith', '1999-11-15', 'M', '12D', 129),
(33, 'Arabelle', 'Brow', '2000-03-11', 'F', '11C', 7),
(34, 'Carter', 'Harriso', '2000-11-30', 'M', '10D', 585),
(35, 'Baker', 'Bell', '2000-03-24', 'M', '11E', 95),
(36, 'Cherish', 'Cooper', '1999-01-31', 'F', '10C', 855),
(37, 'Remingto', 'Wright', '1999-08-14', 'M', '9B', 837),
(38, 'Edwards', 'King', '1999-02-01', 'M', '9C', 365),
(39, 'Harleigh', 'Taylor', '1999-05-05', 'F', '10D', 781),
(40, 'Ryleigh', 'Clark', '1999-10-29', 'F', '10A', 795),
(41, 'Albert', 'Richardso', '2000-03-19', 'F', '9B', 447),
(42, 'Lee', 'Ward', '1999-05-13', 'M', '12E', 671),
(43, 'Kayli', 'Bell', '1999-09-12', 'F', '9B', 703),
(44, 'Agard', 'Young', '2000-04-03', 'F', '12A', 852),
(45, 'Turner', 'Hall', '2000-01-07', 'M', '9B', 4),
(46, 'Akes', 'White', '2001-03-08', 'F', '11A', 686),
(47, 'Lewis', 'Lee', '2001-01-30', 'M', '11E', 251),
(48, 'Karso', 'Cook', '2001-06-26', 'M', '11D', 705),
(49, 'Hayde', 'Young', '1999-12-15', 'M', '9A', 967),
(50, 'Sterling', 'Shaw', '2000-06-24', 'M', '12A', 521),
(51, 'Ryla', 'Wright', '2000-02-06', 'M', '12B', 418),
(52, 'Abbott', 'Hill', '1999-01-05', 'F', '11E', 783),
(53, 'Alcock', 'Turner', '2000-09-30', 'F', '10A', 642),
(54, 'Simmons', 'Davis', '1999-03-30', 'M', '10C', 260),
(55, 'Jennifer', 'Moore', '1999-11-01', 'F', '9B', 296),
(56, 'Reed', 'Ward', '1999-11-14', 'M', '9E', 287),
(57, 'Adley', 'Adams', '2000-05-31', 'F', '11C', 886),
(58, 'Ainley', 'Young', '1999-01-31', 'F', '11E', 21),
(59, 'Ida', 'Gray', '1999-11-30', 'F', '10E', 121),
(60, 'Alice', 'Wood', '2000-04-05', 'F', '12C', 792),
(61, 'Kim', 'Marshall', '2000-08-04', 'F', '9D', 540),
(62, 'Ainsley', 'Cooper', '2000-10-13', 'F', '9A', 159),
(63, 'Josephine', 'Bell', '2000-05-25', 'F', '11E', 812),
(64, 'Ronald', 'Lee', '2000-05-12', 'M', '12D', 840),
(65, 'Harlee', 'Foster', '2000-01-23', 'F', '9E', 505),
(66, 'Kaely', 'Chapma', '1999-07-02', 'F', '12D', 433),
(67, 'Dev', 'Davis', '2001-02-22', 'M', '10D', 981),
(68, 'Honey', 'Corby', '1999-08-02', 'F', '11D', 811),
(69, 'Crosby', 'Cook', '2001-08-22', 'M', '11B', 421),
(70, 'Jaxo', 'Walker', '2000-06-28', 'M', '9A', 885),
(71, 'Alberts', 'Cox', '2000-08-24', 'F', '9A', 356),
(72, 'Daxto', 'Smith', '2000-05-27', 'M', '12C', 370),
(73, 'Brade', 'Carter', '1999-03-15', 'M', '11E', 597),
(74, 'Johnso', 'Baker', '1999-07-05', 'M', '9A', 467),
(75, 'Addiso', 'Adams', '2001-03-04', 'F', '9D', 981),
(76, 'Dalto', 'Harris', '1999-12-19', 'M', '10C', 590),
(77, 'Chance', 'Johnso', '1999-09-20', 'M', '11A', 565),
(78, 'Ailes', 'Wright', '2001-04-20', 'F', '9B', 429),
(79, 'Bryant', 'Chapma', '2001-03-11', 'M', '10A', 611),
(80, 'Maverick', 'Young', '2000-04-03', 'M', '9E', 794),
(81, 'Acomb', 'Collins', '1999-04-24', 'F', '10B', 733),
(82, 'Reed', 'Johnso', '2000-04-01', 'M', '11C', 476),
(83, 'Akes', 'Turner', '2000-09-10', 'F', '9C', 829),
(84, 'Ryla', 'Wilkinso', '2000-06-30', 'M', '12D', 790),
(85, 'Miller', 'Wilkinso', '2000-11-24', 'M', '9A', 411),
(86, 'Adley', 'Collins', '2001-09-14', 'F', '9E', 371),
(87, 'Nelso', 'Harriso', '2001-06-04', 'M', '10E', 552),
(88, 'Daisy', 'Taylor', '2000-06-15', 'F', '9A', 732),
(89, 'Lewis', 'Young', '1999-03-14', 'M', '11A', 551),
(90, 'Moore', 'Brow', '1999-11-30', 'M', '12C', 866),
(91, 'Colto', 'Ward', '1999-11-19', 'M', '12D', 756),
(92, 'Harvey', 'Hill', '1999-11-15', 'M', '12C', 935),
(93, 'Kade', 'Lee', '2001-04-18', 'M', '9D', 247),
(94, 'Walker', 'Hall', '1999-03-17', 'M', '11B', 175),
(95, 'Presto', 'White', '2000-03-06', 'M', '12B', 278),
(96, 'Walker', 'Gree', '2001-01-01', 'M', '9D', 117),
(97, 'Brooklyn', 'Carter', '2000-04-17', 'F', '9C', 377),
(98, 'Brenna', 'King', '2000-11-05', 'M', '10E', 500),
(99, 'James', 'Watso', '2000-07-13', 'M', '11C', 738),
(100, 'Drake', 'Gray', '2001-04-28', 'M', '12D', 811),
(101, 'Aduddell', 'Thompso', '1999-04-29', 'F', '10A', 753),
(102, 'Randy', 'Wright', '2000-07-22', 'M', '9B', 444),
(103, 'Albert', 'Adams', '2001-08-25', 'F', '9B', 420),
(104, 'Albert', 'Gray', '1999-03-02', 'F', '12A', 973),
(105, 'Jo', 'Adams', '1999-02-06', 'F', '12D', 476),
(106, 'Raymond', 'Turner', '1999-07-02', 'M', '10B', 412),
(107, 'Have', 'Jackso', '2001-08-20', 'F', '12B', 341),
(108, 'Rae', 'Hill', '1999-08-14', 'F', '10D', 251),
(109, 'Phillips', 'Wilkinso', '2001-08-25', 'M', '9E', 976),
(110, 'Nelso', 'Bell', '2001-08-19', 'M', '11D', 567),
(111, 'Alday', 'Wright', '1999-08-30', 'F', '12C', 894),
(112, 'Cade', 'Bailey', '2000-11-06', 'M', '11D', 110),
(113, 'Ackerly', 'Anderso', '2001-06-04', 'F', '10D', 248),
(114, 'Cody', 'Brow', '2000-07-20', 'M', '11C', 967),
(115, 'Addingto', 'Richardso', '2000-10-06', 'F', '12B', 692),
(116, 'Jennifer', 'Harriso', '2000-10-13', 'F', '12E', 844),
(117, 'Payto', 'Carter', '1999-07-30', 'F', '10E', 984),
(118, 'Rogers', 'Alle', '1999-03-06', 'M', '12E', 927),
(119, 'Marti', 'Harriso', '1999-09-03', 'M', '9C', 792),
(120, 'Abby', 'Gree', '2000-11-11', 'F', '10D', 590),
(121, 'Agar', 'Anderso', '2001-05-30', 'F', '12E', 678),
(122, 'Denver', 'Richardso', '2000-08-04', 'F', '11B', 502),
(123, 'Tanner', 'Parker', '1999-11-30', 'M', '9E', 267),
(124, 'Audrey', 'Wood', '2001-01-25', 'F', '10D', 118),
(125, 'Bell', 'Wilkinso', '2000-03-24', 'M', '10A', 910),
(126, 'Kaely', 'Marti', '1999-04-17', 'F', '10C', 3),
(127, 'Blake', 'Johnso', '2001-04-28', 'F', '10D', 422),
(128, 'Hadley', 'Robinso', '2001-06-23', 'F', '10D', 954),
(129, 'Westo', 'Cook', '1999-07-11', 'M', '12C', 702),
(130, 'Jones', 'Harris', '2001-04-25', 'M', '11D', 476),
(131, 'Gonzales', 'King', '2001-01-12', 'M', '10B', 62),
(132, 'Reed', 'Johnso', '2000-05-25', 'M', '11D', 439),
(133, 'Ackley', 'Wood', '2001-05-09', 'F', '11A', 210),
(134, 'Abdo', 'Johnso', '2000-08-18', 'F', '10E', 769),
(135, 'Hayde', 'Cook', '2001-07-15', 'M', '9B', 368),
(136, 'Carter', 'Carter', '1999-03-25', 'M', '9D', 656),
(137, 'Zac', 'Walker', '1999-09-29', 'M', '12E', 597),
(138, 'Simmons', 'Shaw', '2000-11-11', 'M', '11C', 444),
(139, 'Afto', 'Moore', '1999-03-09', 'F', '12C', 62),
(140, 'Afto', 'Jackso', '2000-11-04', 'F', '10C', 862),
(141, 'Ryla', 'Ward', '1999-10-14', 'M', '12B', 580),
(142, 'Annie', 'Watso', '1999-02-12', 'F', '10C', 975),
(143, 'Howard', 'Bell', '2001-08-29', 'M', '10B', 344),
(144, 'Kim', 'Taylor', '2001-05-17', 'F', '10A', 711),
(145, 'Garcia', 'Brow', '1999-02-22', 'M', '11C', 451),
(146, 'Alcock', 'Jackso', '2000-03-21', 'F', '12D', 952),
(147, 'Marley', 'Clarke', '1999-06-04', 'F', '12B', 729),
(148, 'Brenna', 'Collins', '1999-06-07', 'M', '12C', 639),
(149, 'Daisy', 'Wright', '1999-11-02', 'F', '10A', 836),
(150, 'Alders', 'Clark', '2000-08-18', 'F', '9E', 838),
(151, 'Hall', 'Marshall', '2000-04-27', 'M', '9D', 212),
(152, 'Arabelle', 'Parker', '2000-08-19', 'F', '11B', 41),
(153, 'Phillips', 'Gree', '2000-03-01', 'M', '9B', 489),
(154, 'Martinez', 'Adams', '1999-06-17', 'M', '10D', 428),
(155, 'Alder', 'Turner', '2001-04-15', 'F', '12E', 700),
(156, 'Richardso', 'Alle', '2000-03-13', 'M', '9B', 652),
(157, 'Colt', 'Davis', '2001-04-10', 'M', '9A', 302),
(158, 'Sally', 'Gree', '2000-04-21', 'F', '11D', 434),
(159, 'Ackroyd', 'Turner', '2001-08-23', 'F', '10D', 523),
(160, 'Madyso', 'Baker', '1999-08-24', 'F', '9C', 570),
(161, 'Robert', 'Ward', '2000-05-16', 'M', '9C', 565),
(162, 'Harley', 'Baker', '2000-06-30', 'F', '11E', 4),
(163, 'Adwell', 'Jackso', '1999-08-15', 'F', '12E', 213),
(164, 'Barnes', 'Chapma', '2000-12-16', 'M', '9C', 340),
(165, 'Amber', 'Chapma', '1999-09-06', 'F', '11B', 383),
(166, 'Annie', 'Wright', '2000-08-21', 'F', '10E', 345),
(167, 'Hailey', 'Young', '2000-11-09', 'F', '9A', 638),
(168, 'Acey', 'Foster', '2000-12-03', 'F', '10E', 102),
(169, 'Ryla', 'Marti', '2001-08-26', 'M', '10C', 643),
(170, 'Aduddell', 'Clark', '1999-10-30', 'F', '12A', 329),
(171, 'Walker', 'Marti', '2001-03-02', 'M', '10B', 139),
(172, 'Abney', 'Turner', '1999-02-23', 'F', '12D', 337),
(173, 'Leanna', 'Mitchell', '1999-10-11', 'F', '12C', 551),
(174, 'Walker', 'Wright', '2001-08-01', 'M', '9A', 288),
(175, 'Acors', 'Turner', '2001-03-06', 'F', '11C', 82),
(176, 'Journey', 'Wood', '2001-09-07', 'F', '10A', 491),
(177, 'Leslie', 'Cook', '2001-07-04', 'F', '12C', 278),
(178, 'Acomb', 'Wilkinso', '1999-12-05', 'F', '10A', 600),
(179, 'Cooper', 'Collins', '2000-01-05', 'M', '10E', 848),
(180, 'Jolene', 'Marti', '1999-10-26', 'F', '10B', 606),
(181, 'Westo', 'Carter', '2000-03-04', 'M', '10E', 495),
(182, 'Drake', 'Bell', '2000-11-22', 'M', '11D', 335),
(183, 'Hayes', 'Lee', '2001-07-18', 'M', '12B', 474),
(184, 'Able', 'Bennett', '2000-06-07', 'F', '9B', 243),
(185, 'Ackerma', 'Miller', '2001-05-24', 'F', '12E', 530),
(186, 'Brooke', 'Smith', '2001-07-11', 'F', '10A', 293),
(187, 'Leanna', 'Bell', '2001-04-29', 'F', '10E', 682),
(188, 'Brookly', 'Smith', '2001-04-24', 'F', '11E', 654),
(189, 'Kelly', 'Robinso', '2001-05-28', 'M', '12D', 300),
(190, 'Ward', 'Bailey', '2000-08-21', 'M', '11E', 61),
(191, 'Taylor', 'Hill', '2000-06-11', 'M', '10E', 645),
(192, 'Winter', 'Cooper', '1999-07-07', 'F', '10C', 82),
(193, 'Madisy', 'Baker', '2001-08-21', 'F', '9C', 906),
(194, 'Cody', 'Wilkinso', '2001-05-17', 'M', '12E', 525),
(195, 'Lewis', 'Turner', '2001-03-11', 'M', '9B', 437),
(196, 'Ediso', 'Johnso', '1999-05-16', 'M', '9A', 330),
(197, 'Foster', 'Cook', '2001-07-03', 'M', '11D', 520),
(198, 'Colby', 'Hill', '1999-01-12', 'M', '11C', 958),
(199, 'Londy', 'Turner', '1999-01-28', 'F', '10B', 486),
(200, 'Addy', 'Cook', '2001-09-06', 'F', '10A', 642),
(201, 'Acey', 'Adams', '2001-04-20', 'F', '10D', 102),
(202, 'Payto', 'Shaw', '1999-05-25', 'F', '11C', 10),
(203, 'Jagger', 'Collins', '2000-09-04', 'M', '9E', 426),
(204, 'Diaz', 'Davis', '1999-05-08', 'M', '12D', 787),
(205, 'Colt', 'Hall', '2000-10-22', 'M', '12B', 824),
(206, 'Arthur', 'Jackso', '2001-06-08', 'M', '11B', 851),
(207, 'Jenny', 'Wright', '2001-08-06', 'F', '9B', 744),
(208, 'Hadleigh', 'Brow', '2001-02-21', 'F', '10D', 931),
(209, 'Wre', 'Clarke', '2000-10-21', 'F', '12B', 101),
(210, 'Brooklyn', 'Chapma', '2000-02-09', 'F', '11C', 505),
(211, 'Farrah', 'Anderso', '2000-11-10', 'F', '12A', 671),
(212, 'Cooper', 'Bailey', '2000-09-13', 'M', '11B', 431),
(213, 'Alba', 'Bailey', '2000-08-13', 'F', '12E', 908),
(214, 'Jenny', 'Marshall', '2001-08-31', 'F', '10E', 171),
(215, 'Acres', 'Johnso', '1999-02-07', 'F', '12E', 456),
(216, 'Tyler', 'Bennett', '2001-03-26', 'M', '12B', 121),
(217, 'Blake', 'Wilkinso', '2001-03-22', 'F', '9D', 166),
(218, 'Airingto', 'Mitchell', '2000-09-07', 'F', '12B', 336),
(219, 'Alders', 'Smith', '2001-07-09', 'F', '10A', 353),
(220, 'Eddie', 'King', '1999-08-01', 'M', '11E', 83),
(221, 'Acrema', 'Chapma', '2000-04-30', 'F', '12E', 976),
(222, 'Butler', 'Taylor', '1999-01-27', 'M', '11A', 173),
(223, 'Kelsie', 'Cox', '1999-10-15', 'F', '10A', 384),
(224, 'Brow', 'Davis', '2000-10-18', 'M', '9E', 122),
(225, 'Sanchez', 'White', '2000-01-07', 'M', '11B', 968),
(226, 'Nelso', 'Young', '2001-02-03', 'M', '12B', 764),
(227, 'Waylo', 'Marti', '1999-09-02', 'M', '9B', 385),
(228, 'Haley', 'Lee', '2000-05-16', 'F', '11D', 746),
(229, 'Long', 'Adams', '1999-05-17', 'M', '9E', 624),
(230, 'Bryso', 'Wilkinso', '2000-03-04', 'M', '9B', 529),
(231, 'Colby', 'Hill', '2000-01-17', 'M', '12C', 434),
(232, 'Piper', 'Corby', '2001-06-21', 'F', '11E', 347),
(233, 'Brade', 'Bell', '2001-03-20', 'M', '9C', 686),
(234, 'Harvey', 'Wood', '1999-09-18', 'M', '11B', 99),
(235, 'Hadleigh', 'Hall', '2001-06-17', 'F', '11C', 605),
(236, 'Ford', 'Carter', '1999-11-08', 'M', '9D', 567),
(237, 'Acors', 'Anderso', '1999-02-16', 'F', '10B', 590),
(238, 'Airingto', 'Moore', '2000-10-31', 'F', '10E', 849),
(239, 'Harley', 'Richardso', '2001-06-30', 'F', '12C', 41),
(240, 'Cade', 'Bailey', '2000-01-01', 'M', '9C', 764),
(241, 'Raymond', 'Marti', '2001-05-03', 'M', '11C', 237),
(242, 'Isabell', 'White', '1999-12-20', 'F', '10E', 442),
(243, 'Eddie', 'Lee', '1999-02-18', 'M', '9C', 917),
(244, 'Tucker', 'Robinso', '2001-03-24', 'M', '12E', 594),
(245, 'Alde', 'Jackso', '2000-11-03', 'F', '9D', 521),
(246, 'Adams', 'Richardso', '1999-07-08', 'F', '12C', 383),
(247, 'Rivera', 'Watso', '2000-08-04', 'M', '12A', 973),
(248, 'Adria', 'Clarke', '2000-10-15', 'F', '10E', 584),
(249, 'Adney', 'Ward', '2000-09-24', 'F', '11A', 435),
(250, 'Hailey', 'Gray', '2001-09-03', 'F', '12D', 135),
(251, 'Ady', 'Anderso', '2000-08-05', 'F', '11D', 811),
(252, 'Madyso', 'Hall', '2000-06-25', 'F', '9C', 465),
(253, 'Wilso', 'Cooper', '2000-08-12', 'M', '9A', 273),
(254, 'Westo', 'Chapma', '1999-06-08', 'M', '12E', 111),
(255, 'Evans', 'Robinso', '2000-09-26', 'M', '9C', 60),
(256, 'Gonzales', 'Cook', '1999-11-21', 'M', '12A', 427),
(257, 'Audrey', 'Alle', '2000-09-05', 'F', '9A', 52),
(258, 'Willow', 'Bell', '2000-11-29', 'F', '9E', 948),
(259, 'Alders', 'Cox', '1999-12-08', 'F', '10E', 570),
(260, 'Essence', 'Bennett', '2000-11-22', 'F', '12C', 240),
(261, 'Marley', 'Shaw', '2001-08-06', 'F', '10A', 914),
(262, 'Addy', 'Taylor', '2001-02-17', 'F', '10D', 260),
(263, 'Rivera', 'Moore', '2000-04-25', 'M', '12B', 327),
(264, 'Rogers', 'Taylor', '2001-06-19', 'M', '9C', 587),
(265, 'Lawso', 'Young', '1999-10-02', 'M', '11D', 87),
(266, 'Maddiso', 'Thompso', '1999-08-01', 'F', '12C', 609),
(267, 'Alde', 'Collins', '2000-11-03', 'M', '9D', 647),
(268, 'Ackland', 'Baker', '2000-01-21', 'F', '12C', 290),
(269, 'Ashley', 'Robinso', '1999-01-30', 'F', '12E', 627),
(270, 'Daxto', 'Clarke', '2000-05-21', 'M', '10B', 296),
(271, 'Addingto', 'Turner', '2001-01-13', 'F', '12A', 972),
(272, 'Addie', 'Harris', '2001-04-24', 'F', '12C', 882),
(273, 'Hayes', 'Wright', '2001-03-27', 'M', '9D', 664),
(274, 'Long', 'Wright', '1999-03-19', 'M', '10D', 699),
(275, 'Have', 'Richardso', '2001-03-25', 'F', '9E', 956),
(276, 'Alexander', 'Turner', '1999-04-23', 'M', '12E', 615),
(277, 'Taylor', 'Gree', '1999-07-25', 'M', '9B', 408),
(278, 'Harlee', 'Chapma', '1999-10-02', 'F', '10A', 482),
(279, 'Joyce', 'Chapma', '2001-04-06', 'F', '12E', 714),
(280, 'Edwi', 'Moore', '2001-06-20', 'M', '11A', 259),
(281, 'Hadley', 'Moore', '2001-05-02', 'F', '12C', 887),
(282, 'Heave', 'Hall', '2000-07-18', 'F', '11D', 117),
(283, 'Ady', 'Anderso', '2000-08-18', 'F', '10D', 649),
(284, 'Marley', 'Gray', '1999-12-19', 'F', '9D', 880),
(285, 'Watso', 'Chapma', '1999-10-29', 'M', '9C', 742),
(286, 'Agate', 'Ward', '2001-01-29', 'F', '11E', 862),
(287, 'Arthur', 'Gree', '2000-02-01', 'M', '12C', 937),
(288, 'Rae', 'Harriso', '2000-12-16', 'F', '9E', 129),
(289, 'Alder', 'Parker', '1999-07-26', 'F', '10D', 51),
(290, 'Lando', 'Lee', '2000-08-21', 'M', '9D', 156),
(291, 'Addiso', 'Wilkinso', '2000-02-26', 'M', '12D', 469),
(292, 'Abrahams', 'Bailey', '2001-05-12', 'F', '9C', 200),
(293, 'Acomb', 'Marshall', '2000-01-28', 'F', '11E', 570),
(294, 'Hadleigh', 'Clarke', '2000-12-16', 'F', '12D', 564),
(295, 'Jolene', 'Chapma', '2000-04-15', 'F', '9A', 630),
(296, 'Chance', 'Watso', '2000-03-26', 'M', '10B', 605),
(297, 'Ramirez', 'Cook', '2000-07-01', 'M', '9A', 140),
(298, 'Akers', 'Hall', '1999-06-29', 'F', '9E', 496),
(299, 'Afto', 'Moore', '2001-01-01', 'F', '11D', 146),
(300, 'Parker', 'Baker', '2001-08-11', 'M', '12B', 711),
(301, 'Hollie', 'Walker', '1999-11-18', 'F', '11D', 31),
(302, 'Davis', 'Harriso', '2000-11-04', 'M', '9E', 28),
(303, 'Hailee', 'Alle', '1999-09-11', 'F', '10B', 653),
(304, 'Perez', 'King', '2001-02-01', 'M', '9D', 407),
(305, 'Albury', 'Bennett', '2000-01-22', 'F', '9A', 161),
(306, 'Ella', 'Bell', '2001-07-10', 'F', '9D', 708),
(307, 'Madiso', 'Brow', '1999-10-08', 'F', '12E', 382),
(308, 'Wright', 'Anderso', '2000-06-03', 'M', '12E', 539),
(309, 'Payto', 'Parker', '2000-07-04', 'F', '9E', 76),
(310, 'Aguillard', 'Smith', '1999-01-08', 'F', '11D', 915),
(311, 'Brooke', 'Carter', '2001-04-20', 'F', '11A', 770),
(312, 'Tate', 'Baker', '2000-05-11', 'M', '11A', 201),
(313, 'Bosto', 'Moore', '2001-09-11', 'M', '11D', 879),
(314, 'Finley', 'Hill', '2000-03-02', 'M', '9B', 73),
(315, 'Wayne', 'White', '1999-09-14', 'M', '11A', 803),
(316, 'Reed', 'Hill', '1999-08-05', 'M', '12C', 158),
(317, 'Iva', 'Anderso', '1999-11-23', 'F', '10D', 475),
(318, 'Nelso', 'Bell', '1999-06-10', 'M', '11C', 481),
(319, 'Cooper', 'Taylor', '1999-06-09', 'M', '11E', 266),
(320, 'Marlee', 'Chapma', '1999-01-14', 'F', '9C', 228),
(321, 'Colso', 'Smith', '2001-09-19', 'M', '12C', 305),
(322, 'Scott', 'Hill', '2001-08-04', 'M', '9D', 273),
(323, 'Scott', 'Carter', '2000-10-24', 'M', '12D', 997),
(324, 'Quee', 'Brow', '2001-02-27', 'F', '11C', 402),
(325, 'Albert', 'Cooper', '1999-11-12', 'F', '12E', 203),
(326, 'Campbell', 'Turner', '2000-05-18', 'M', '9E', 448),
(327, 'Brade', 'Davis', '2000-08-29', 'M', '10B', 616),
(328, 'Lee', 'Turner', '2001-05-19', 'M', '10E', 509),
(329, 'Joyce', 'Corby', '2001-08-21', 'F', '10B', 726),
(330, 'Lando', 'King', '1999-10-10', 'M', '11C', 697),
(331, 'Kimberly', 'Young', '2001-06-30', 'F', '12C', 724),
(332, 'Acomb', 'Harris', '1999-11-27', 'F', '9D', 999),
(333, 'Tyler', 'Carter', '2000-03-28', 'F', '12B', 850),
(334, 'Henderso', 'Jackso', '1999-10-29', 'M', '9A', 303),
(335, 'Adwell', 'Turner', '1999-01-23', 'F', '10D', 191),
(336, 'Ainsworth', 'King', '2000-08-12', 'F', '9C', 899),
(337, 'Summer', 'Ward', '1999-01-22', 'F', '9A', 273),
(338, 'Edgar', 'Carter', '1999-11-02', 'M', '11D', 948),
(339, 'Abdo', 'Corby', '1999-04-11', 'F', '12D', 310),
(340, 'Jo', 'Jackso', '2000-02-28', 'F', '11E', 731),
(341, 'Stanley', 'Marshall', '2000-04-20', 'M', '11B', 199),
(342, 'Raymond', 'Foster', '2000-04-16', 'M', '12C', 96),
(343, 'Acomb', 'Cooper', '1999-12-07', 'F', '10D', 583),
(344, 'Agate', 'Foster', '2001-03-07', 'F', '12A', 175),
(345, 'Tatum', 'Hall', '1999-08-06', 'F', '12A', 171),
(346, 'Kailyn', 'Gray', '2000-08-06', 'F', '12A', 131),
(347, 'Hadley', 'Smith', '1999-05-28', 'M', '10C', 717),
(348, 'Denver', 'Harris', '1999-05-04', 'F', '9E', 717),
(349, 'Dalto', 'Carter', '2000-01-08', 'M', '10B', 278),
(350, 'Sadie', 'Marshall', '1999-10-22', 'F', '11B', 797),
(351, 'Hayes', 'Marti', '2000-08-19', 'M', '11B', 572),
(352, 'Amber', 'Hill', '1999-06-19', 'F', '11E', 460),
(353, 'Washingto', 'Gray', '2001-03-08', 'M', '10C', 968),
(354, 'Brenna', 'Carter', '1999-09-29', 'M', '9E', 213),
(355, 'Wesley', 'Richardso', '2001-02-24', 'M', '11C', 110),
(356, 'Abbott', 'Bailey', '2000-11-14', 'F', '9B', 186),
(357, 'Jenkins', 'Bennett', '2001-07-29', 'M', '9D', 506),
(358, 'Agers', 'Richardso', '1999-08-16', 'F', '10A', 323),
(359, 'Farrah', 'Turner', '2001-04-22', 'F', '10C', 887),
(360, 'Adcock', 'Robinso', '1999-07-21', 'F', '12A', 306),
(361, 'Dana', 'Marshall', '1999-11-15', 'F', '11C', 365),
(362, 'Joyce', 'Alle', '1999-08-09', 'F', '11E', 635),
(363, 'Essence', 'Gree', '2001-04-17', 'F', '12C', 894),
(364, 'Adgate', 'Clarke', '2001-05-07', 'F', '9E', 708),
(365, 'Diaz', 'Wright', '1999-10-17', 'M', '9C', 21),
(366, 'Thomas', 'Parker', '2000-01-15', 'M', '10D', 641),
(367, 'Russell', 'Jackso', '2000-08-05', 'M', '11C', 957),
(368, 'Moore', 'Baker', '2001-09-11', 'M', '9D', 861),
(369, 'Beverly', 'Shaw', '1999-08-09', 'F', '10E', 447),
(370, 'Nash', 'Collins', '2000-04-23', 'M', '10A', 678),
(371, 'Howard', 'Hill', '1999-02-21', 'M', '12C', 583),
(372, 'Ackroyd', 'Adams', '2000-05-15', 'F', '12D', 140),
(373, 'Ainsley', 'Carter', '1999-12-30', 'F', '9C', 155),
(374, 'Rylie', 'Taylor', '2001-03-26', 'F', '12A', 109),
(375, 'Ackerley', 'Mitchell', '1999-10-30', 'F', '10D', 638),
(376, 'Albert', 'Johnso', '2000-01-27', 'F', '12E', 896),
(377, 'Albi', 'Shaw', '2001-02-23', 'F', '11E', 737),
(378, 'Dev', 'Chapma', '2000-07-02', 'M', '10D', 14),
(379, 'Ackroyd', 'Watso', '2001-09-20', 'F', '11C', 276),
(380, 'Brookly', 'Chapma', '1999-02-01', 'F', '9E', 745),
(381, 'Hunter', 'Taylor', '2000-09-17', 'M', '10D', 883),
(382, 'Ackerley', 'Adams', '2001-06-03', 'F', '11C', 245),
(383, 'Acors', 'Walker', '2000-11-12', 'F', '12B', 95),
(384, 'Stanley', 'Thompso', '2001-01-16', 'M', '11E', 794),
(385, 'Watso', 'Miller', '2000-06-05', 'M', '11A', 465),
(386, 'Madyso', 'Wright', '2000-04-08', 'F', '12D', 466),
(387, 'Gree', 'Bell', '2000-02-06', 'M', '11C', 35),
(388, 'Roberts', 'Wright', '2000-03-18', 'M', '12C', 935),
(389, 'Zac', 'Mitchell', '2000-05-30', 'M', '9D', 536),
(390, 'Taylor', 'Watso', '2000-08-25', 'F', '10B', 586),
(391, 'Agate', 'Harriso', '1999-12-21', 'F', '12B', 894),
(392, 'Ronald', 'Foster', '2000-04-16', 'M', '12B', 489),
(393, 'Akehurst', 'Taylor', '1999-04-27', 'F', '12E', 559),
(394, 'Peterso', 'Marti', '2001-04-03', 'M', '12D', 166),
(395, 'Grayso', 'Gray', '2000-10-22', 'M', '12B', 578),
(396, 'Jett', 'Clark', '2001-05-25', 'M', '11D', 712),
(397, 'Tucker', 'Cook', '1999-05-09', 'M', '10D', 6),
(398, 'Ainslie', 'Hall', '1999-06-09', 'F', '11E', 915),
(399, 'Housto', 'Turner', '2001-08-27', 'M', '11E', 807),
(400, 'Holly', 'White', '2000-09-03', 'F', '12A', 761),
(401, 'Brookly', 'Wilkinso', '2001-09-06', 'M', '10B', 223),
(402, 'Dax', 'Bailey', '1999-05-15', 'M', '11C', 437),
(403, 'Hailee', 'Brow', '2000-06-21', 'F', '9A', 309),
(404, 'Parker', 'Wright', '2000-07-29', 'M', '11C', 902),
(405, 'Carter', 'Shaw', '2000-09-21', 'M', '11C', 41),
(406, 'Dayto', 'Shaw', '2000-06-03', 'M', '9D', 607),
(407, 'Sanchez', 'Marti', '2001-03-12', 'M', '9E', 738),
(408, 'Jennifer', 'Parker', '1999-07-15', 'F', '10B', 641),
(409, 'Wayne', 'Wilkinso', '2001-05-13', 'M', '11B', 354),
(410, 'Gonzales', 'Taylor', '2000-01-24', 'M', '11C', 522),
(411, 'Abby', 'Cook', '2000-05-14', 'F', '12A', 167),
(412, 'Nellie', 'Harriso', '1999-11-18', 'F', '10A', 77),
(413, 'Thompso', 'Wood', '2000-03-31', 'M', '9D', 706),
(414, 'Sanders', 'Foster', '2001-05-19', 'M', '12B', 39),
(415, 'Perry', 'Taylor', '2000-08-28', 'M', '11A', 348),
(416, 'Dana', 'White', '2001-02-12', 'F', '11D', 917),
(417, 'Leslie', 'Wright', '1999-11-04', 'F', '10E', 572),
(418, 'Scarlet', 'Gree', '2000-04-15', 'F', '12B', 661),
(419, 'Ackerly', 'Marti', '1999-01-17', 'F', '11B', 999),
(420, 'Hunter', 'Bennett', '1999-12-26', 'M', '9E', 889),
(421, 'Paxto', 'Clark', '2000-05-19', 'M', '12D', 186),
(422, 'Sterling', 'White', '2001-03-28', 'M', '9B', 444),
(423, 'Brooke', 'Moore', '2001-04-23', 'F', '11B', 641),
(424, 'Able', 'Moore', '2000-11-08', 'F', '9C', 77),
(425, 'Harris', 'Shaw', '2000-04-02', 'M', '10C', 521),
(426, 'Wesley', 'Harris', '1999-10-21', 'M', '12B', 160),
(427, 'Teo', 'Corby', '1999-12-23', 'M', '9C', 214),
(428, 'Afto', 'Clark', '2001-05-29', 'F', '11E', 857),
(429, 'Ember', 'Robinso', '2000-08-10', 'F', '11B', 899),
(430, 'Tyler', 'Wood', '1999-04-10', 'F', '12E', 216),
(431, 'Royce', 'Turner', '2000-12-25', 'M', '9C', 215),
(432, 'Brinley', 'King', '1999-05-10', 'F', '12C', 861),
(433, 'Emerso', 'Johnso', '2000-05-09', 'M', '12E', 803),
(434, 'Rodriguez', 'Marti', '2001-06-18', 'M', '12A', 730),
(435, 'Scarlett', 'Parker', '1999-02-09', 'F', '12D', 61),
(436, 'Abdo', 'Shaw', '2000-12-11', 'F', '10D', 395),
(437, 'Akehurst', 'Corby', '1999-10-23', 'F', '11D', 631),
(438, 'Brooks', 'King', '1999-11-02', 'M', '12D', 761),
(439, 'Colso', 'Wilkinso', '2000-10-30', 'M', '11C', 889),
(440, 'Jo', 'Thompso', '2000-09-02', 'F', '10E', 878),
(441, 'Willow', 'Taylor', '1999-05-10', 'F', '10B', 360),
(442, 'Taylor', 'Bell', '2001-06-24', 'M', '10E', 254),
(443, 'Stewart', 'Moore', '2001-03-29', 'M', '10E', 155),
(444, 'Jenna', 'Hill', '2000-06-24', 'F', '9D', 184),
(445, 'Winter', 'Mitchell', '1999-05-27', 'F', '12E', 260),
(446, 'Hayde', 'Baker', '2000-12-31', 'M', '9D', 432),
(447, 'Crosby', 'Richardso', '2000-12-26', 'M', '11A', 241),
(448, 'Adgate', 'Thompso', '2001-09-13', 'F', '10A', 360),
(449, 'Wood', 'Wood', '1999-04-17', 'M', '9B', 782),
(450, 'Abdo', 'Bell', '2000-03-03', 'F', '9B', 728),
(451, 'Edgar', 'Jackso', '2000-07-26', 'M', '10A', 732),
(452, 'Addy', 'Moore', '2000-06-13', 'F', '9B', 138),
(453, 'Brow', 'White', '1999-04-27', 'M', '10D', 25),
(454, 'Zachariah', 'Alle', '2000-02-02', 'M', '10D', 770),
(455, 'Arabelle', 'Clark', '2000-01-26', 'F', '11B', 785),
(456, 'Hughes', 'Bailey', '2001-04-15', 'M', '11E', 993),
(457, 'Young', 'Adams', '1999-09-28', 'M', '10A', 639),
(458, 'Hayde', 'Gray', '2000-09-23', 'F', '12D', 697),
(459, 'Kailyn', 'Corby', '2001-08-25', 'F', '9E', 644),
(460, 'Marti', 'Adams', '1999-02-10', 'M', '10E', 118),
(461, 'Jackso', 'Hall', '1999-01-14', 'M', '12B', 607),
(462, 'Pyper', 'Turner', '1999-01-23', 'F', '11B', 674),
(463, 'Acors', 'Foster', '2000-04-10', 'F', '11D', 799),
(464, 'Peterso', 'Cooper', '1999-07-16', 'M', '11B', 999),
(465, 'Journey', 'Lee', '1999-06-25', 'F', '11A', 686),
(466, 'Hollie', 'Davis', '1999-11-12', 'F', '11B', 962),
(467, 'Johnso', 'Lee', '2000-03-27', 'M', '11A', 981),
(468, 'Bosto', 'Harriso', '2001-04-29', 'M', '12D', 324),
(469, 'Bryant', 'Davis', '1999-10-30', 'M', '12A', 576),
(470, 'Marlee', 'Parker', '2000-08-14', 'F', '9E', 619),
(471, 'Lande', 'Gree', '2000-04-21', 'M', '9D', 841),
(472, 'Brinley', 'Hill', '1999-07-02', 'F', '12A', 237),
(473, 'Harriso', 'Shaw', '1999-05-01', 'M', '9D', 436),
(474, 'Pyper', 'Marshall', '2000-03-09', 'F', '10B', 199),
(475, 'Emmett', 'Foster', '1999-04-09', 'M', '12C', 902),
(476, 'Stewart', 'Anderso', '2001-07-10', 'M', '11C', 295),
(477, 'Tate', 'Collins', '1999-07-08', 'M', '11B', 38),
(478, 'Kingsto', 'Wright', '2000-04-10', 'M', '11E', 416),
(479, 'Abbitt', 'Harris', '2000-07-29', 'F', '9E', 243),
(480, 'Arthur', 'Corby', '2000-05-11', 'M', '10C', 525),
(481, 'Ashto', 'Carter', '1999-01-20', 'M', '11C', 224),
(482, 'Jo', 'King', '1999-12-23', 'F', '11D', 687),
(483, 'Akehurst', 'Shaw', '1999-03-17', 'F', '11A', 98),
(484, 'Acors', 'Clarke', '2000-11-15', 'F', '11E', 606),
(485, 'Ace', 'Collins', '2001-03-26', 'F', '9E', 638),
(486, 'Marley', 'Jackso', '2001-08-27', 'F', '10E', 528),
(487, 'Haley', 'Cox', '2000-06-02', 'F', '10B', 10),
(488, 'Cook', 'Wilkinso', '1999-04-08', 'M', '10E', 564),
(489, 'Harvey', 'Shaw', '1999-12-17', 'M', '11E', 929),
(490, 'Aito', 'White', '2000-12-23', 'F', '9E', 880),
(491, 'Gray', 'Cooper', '1999-12-31', 'M', '11C', 286),
(492, 'Harper', 'Parker', '1999-01-24', 'M', '10D', 87),
(493, 'Colte', 'Harriso', '2001-03-27', 'M', '11D', 977),
(494, 'Colt', 'Adams', '2001-06-24', 'M', '9C', 389),
(495, 'Brooke', 'Davis', '2001-04-29', 'F', '12D', 77),
(496, 'Walker', 'Mitchell', '1999-12-19', 'M', '12B', 967),
(497, 'Hunter', 'Carter', '2001-09-01', 'M', '10B', 945),
(498, 'Garcia', 'Richardso', '2000-03-08', 'M', '11C', 9),
(499, 'Patterso', 'Young', '1999-07-03', 'M', '12E', 618),
(500, 'Russell', 'Wright', '2000-04-10', 'M', '10A', 583),
(501, 'Bailey', 'Chapma', '2000-03-21', 'M', '11B', 148),
(502, 'Keato', 'Watso', '1999-03-22', 'M', '11D', 203),
(503, 'Dev', 'Baker', '2000-02-03', 'M', '11C', 231),
(504, 'Thompso', 'Wright', '2001-07-22', 'M', '11B', 334),
(505, 'Collins', 'Bailey', '2001-09-11', 'M', '11E', 966);

-- --------------------------------------------------------

--
-- Table structure for table `types`
--

CREATE TABLE `types` (
  `typeId` int(11) NOT NULL,
  `name` varchar(30) COLLATE utf8_unicode_ci DEFAULT NULL
) ENGINE=InnoDB DEFAULT CHARSET=utf8 COLLATE=utf8_unicode_ci;

--
-- Dumping data for table `types`
--

INSERT INTO `types` (`typeId`, `name`) VALUES
(1, 'Science fictio'),
(2, 'Satire'),
(3, 'Drama'),
(4, 'Action and Adventure'),
(5, 'Romance'),
(6, 'Mystery'),
(7, 'Horror'),
(8, 'Health'),
(9, 'Guide'),
(10, 'Diaries'),
(11, 'Comics'),
(12, 'Diaries'),
(13, 'Journals'),
(14, 'Biographies'),
(15, 'Fantasy'),
(16, 'History'),
(17, 'Science'),
(18, 'Art');

--
-- Indexes for dumped tables
--

--
-- Indexes for table `authors`
--
ALTER TABLE `authors`
  ADD PRIMARY KEY (`authorId`);

--
-- Indexes for table `books`
--
ALTER TABLE `books`
  ADD PRIMARY KEY (`bookId`),
  ADD KEY `authorId` (`authorId`),
  ADD KEY `typeId` (`typeId`);

--
-- Indexes for table `borrows`
--
ALTER TABLE `borrows`
  ADD PRIMARY KEY (`borrowId`),
  ADD KEY `studentId` (`studentId`),
  ADD KEY `bookId` (`bookId`);

--
-- Indexes for table `students`
--
ALTER TABLE `students`
  ADD PRIMARY KEY (`studentId`);

--
-- Indexes for table `types`
--
ALTER TABLE `types`
  ADD PRIMARY KEY (`typeId`);

--
-- AUTO_INCREMENT for dumped tables
--

--
-- AUTO_INCREMENT for table `authors`
--
ALTER TABLE `authors`
  MODIFY `authorId` int(11) NOT NULL AUTO_INCREMENT, AUTO_INCREMENT=37;

--
-- AUTO_INCREMENT for table `books`
--
ALTER TABLE `books`
  MODIFY `bookId` int(11) NOT NULL AUTO_INCREMENT, AUTO_INCREMENT=169;

--
-- AUTO_INCREMENT for table `borrows`
--
ALTER TABLE `borrows`
  MODIFY `borrowId` int(11) NOT NULL AUTO_INCREMENT, AUTO_INCREMENT=102;

--
-- AUTO_INCREMENT for table `students`
--
ALTER TABLE `students`
  MODIFY `studentId` int(11) NOT NULL AUTO_INCREMENT, AUTO_INCREMENT=506;

--
-- AUTO_INCREMENT for table `types`
--
ALTER TABLE `types`
  MODIFY `typeId` int(11) NOT NULL AUTO_INCREMENT, AUTO_INCREMENT=19;

--
-- Constraints for dumped tables
--

--
-- Constraints for table `books`
--
ALTER TABLE `books`
  ADD CONSTRAINT `books_ibfk_1` FOREIGN KEY (`authorId`) REFERENCES `authors` (`authorId`),
  ADD CONSTRAINT `books_type_1` FOREIGN KEY (`typeId`) REFERENCES `types` (`typeId`);

--
-- Constraints for table `borrows`
--
ALTER TABLE `borrows`
  ADD CONSTRAINT `borrows_book_1` FOREIGN KEY (`bookId`) REFERENCES `books` (`bookId`),
  ADD CONSTRAINT `borrows_student_1` FOREIGN KEY (`studentId`) REFERENCES `students` (`studentId`);
COMMIT;

/*!40101 SET CHARACTER_SET_CLIENT=@OLD_CHARACTER_SET_CLIENT */;
/*!40101 SET CHARACTER_SET_RESULTS=@OLD_CHARACTER_SET_RESULTS */;
/*!40101 SET COLLATION_CONNECTION=@OLD_COLLATION_CONNECTION */;
